doi,doi_url,repository_url,is_open_access,authors_count,authors_affiliation_count,authors_familyname_count,authors_givennames_count,authors_gnd_count,authors_name_count,authors_orcid_count,has_funding_info,has_journal,keywords_freetext_count,keywords_controlled_vocabularies_count,has_language,has_license,license_name,has_conference_acronym,has_conference_dates,has_conference_place,has_conference_session,has_conference_session_part,has_conference_title,has_conference_website,has_creation_date,creation_date,has_other_dates,other_dates,references_no_identifiers_count,references_with_identifiers_count,has_title,has_version,files
10.5281/zenodo.7053858,https://doi.org/10.5281/zenodo.7053858,https://zenodo.org/records/7053858,True,1,1,0,0,0,1,0,False,False,0,0,False,True,cc-by-4.0,False,False,False,False,False,False,False,True,2022-09-06T14:05:44.710924+00:00,False,NA,0,0,True,False,Luis_Peña_poster_sea.pdf
10.5281/zenodo.7054296,https://doi.org/10.5281/zenodo.7054296,https://zenodo.org/records/7054296,True,3,3,0,0,0,3,0,True,False,0,0,False,True,cc-by-4.0,False,False,False,False,False,False,False,True,2022-09-06T13:36:22.738530+00:00,False,NA,0,0,True,False,Pig Salmonella results from European farms_v4.pdf
10.5281/zenodo.7053485,https://doi.org/10.5281/zenodo.7053485,https://zenodo.org/records/7053485,True,1,1,0,0,0,1,1,False,False,0,0,True,True,cc-by-4.0,True,True,True,False,False,True,False,True,2022-09-06T13:10:18.658060+00:00,False,NA,0,0,True,False,poster.pdf
10.5281/zenodo.7053460,https://doi.org/10.5281/zenodo.7053460,https://zenodo.org/records/7053460,True,1,1,0,0,0,1,0,False,False,0,0,True,True,cc-nc,True,True,True,True,False,True,True,True,2022-09-06T09:58:09.523714+00:00,False,NA,0,0,True,False,2009-06-22-23-poster-ISKOUK-Conference-AGomez.pdf
10.5281/zenodo.7053432,https://doi.org/10.5281/zenodo.7053432,https://zenodo.org/records/7053432,True,1,1,0,0,0,1,0,False,False,0,0,False,True,cc-by-4.0,False,False,False,False,False,False,False,True,2022-09-06T09:51:49.835148+00:00,False,NA,0,0,True,False,poster_A3.pdf
10.5281/zenodo.7053416,https://doi.org/10.5281/zenodo.7053416,https://zenodo.org/records/7053416,True,15,15,0,0,0,15,12,True,False,0,0,True,True,cc-by-4.0,False,False,False,False,False,False,False,True,2022-09-06T09:46:55.070897+00:00,False,NA,0,0,True,False,"Final L. E. Reed et al., LISA_Poster_Normandy_2022.pdf"
10.5281/zenodo.7053404,https://doi.org/10.5281/zenodo.7053404,https://zenodo.org/records/7053404,True,1,1,0,0,0,1,0,False,False,0,0,True,True,cc-nc,True,True,True,True,False,True,True,True,2022-09-06T09:39:30.259856+00:00,False,NA,0,0,True,False,2009-06-22-23-poster-ISKOUK-Conference-MWang.pdf
10.5281/zenodo.7036127,https://doi.org/10.5281/zenodo.7036127,https://zenodo.org/records/7036127,True,1,1,0,0,0,1,1,False,False,0,0,False,True,cc-by-4.0,True,True,True,True,False,True,True,True,2022-09-06T02:02:50.667488+00:00,False,NA,0,0,True,False,Poster_astroathome_2022.pdf
10.5281/zenodo.7052016,https://doi.org/10.5281/zenodo.7052016,https://zenodo.org/records/7052016,True,4,4,0,0,0,4,3,False,False,0,0,True,True,cc-by-4.0,False,False,False,False,False,False,False,True,2022-09-05T22:13:28.562116+00:00,False,NA,0,0,True,False,Hidrozoos_CC.pdf; Hidrozoos_300dpi_CMYK.pdf
10.5281/zenodo.7051527,https://doi.org/10.5281/zenodo.7051527,https://zenodo.org/records/7051527,True,3,3,0,0,0,3,3,False,False,0,0,False,True,cc-by-4.0,False,False,False,False,False,False,False,True,2022-09-05T18:07:18.307748+00:00,False,NA,0,0,True,False,posterSEA_OHPNe_vf.pdf
10.5281/zenodo.7051415,https://doi.org/10.5281/zenodo.7051415,https://zenodo.org/records/7051415,True,12,12,0,0,0,12,1,False,False,0,0,False,True,cc-by-4.0,False,False,False,False,False,False,False,True,2022-09-05T17:04:31.286446+00:00,False,NA,0,0,True,False,Cl0024_SEA2022.pdf
10.5281/zenodo.7051357,https://doi.org/10.5281/zenodo.7051357,https://zenodo.org/records/7051357,True,7,7,0,0,0,7,0,False,False,0,0,False,True,cc-by-4.0,False,False,False,False,False,False,False,True,2022-09-05T16:41:07.088245+00:00,False,NA,0,0,True,False,SEA2022_SUstamujic-3DMAPVR.pdf
10.5281/zenodo.7051283,https://doi.org/10.5281/zenodo.7051283,https://zenodo.org/records/7051283,True,16,15,0,0,0,16,11,True,False,0,0,True,True,cc-by-4.0,False,False,False,False,False,False,False,True,2022-09-05T15:52:44.229630+00:00,False,NA,0,0,True,False,Poster70x100_ReferenceData_August2022_Digital.pdf
10.5281/zenodo.7051282,https://doi.org/10.5281/zenodo.7051282,https://zenodo.org/records/7051282,True,6,6,0,0,0,6,0,False,False,0,0,True,True,cc-by-4.0,False,False,False,False,False,False,False,True,2022-09-05T15:44:54.891479+00:00,False,NA,0,0,True,False,poster_Cesar_Esteban_etal_SEA_2022.pdf
10.5281/zenodo.7051004,https://doi.org/10.5281/zenodo.7051004,https://zenodo.org/records/7051004,True,2,2,0,0,0,2,1,False,False,7,0,False,True,cc-by-4.0,False,False,False,False,False,False,False,True,2022-09-05T15:18:17.593624+00:00,False,NA,7,0,True,False,20220905 scaffold _ icuc.net.pdf
10.1145/3546037.3546047,https://doi.org/10.1145/3546037.3546047,https://zenodo.org/records/7051196,True,3,3,0,0,0,3,2,True,False,0,0,True,True,cc-by-4.0,False,False,False,False,False,False,False,True,2022-09-05T15:12:40.865176+00:00,False,NA,0,0,True,False,FoReCo_Demo_paper_SIGCOMM_22_manuscript.pdf
10.5281/zenodo.7050974,https://doi.org/10.5281/zenodo.7050974,https://zenodo.org/records/7050974,False,1,1,0,0,0,1,1,False,False,0,0,False,False,NA,False,False,False,False,False,False,False,True,2022-09-05T14:14:36.929900+00:00,False,NA,0,0,True,False,
10.5281/zenodo.7050680,https://doi.org/10.5281/zenodo.7050680,https://zenodo.org/records/7050680,True,10,10,0,0,0,10,10,False,False,1,0,True,True,cc-by-4.0,False,True,True,False,False,True,True,True,2022-09-05T14:04:40.505612+00:00,False,NA,1,0,True,False,Poster_Cristian_Maria_Moreno.pdf
10.5281/zenodo.7050544,https://doi.org/10.5281/zenodo.7050544,https://zenodo.org/records/7050544,True,1,1,0,0,0,1,1,False,False,0,0,False,True,cc-by-4.0,False,False,False,False,False,False,False,True,2022-09-05T12:11:35.981314+00:00,False,NA,0,0,True,False,FDM 2017-2022.jpeg; FDM groß.jpeg
10.5281/zenodo.7050462,https://doi.org/10.5281/zenodo.7050462,https://zenodo.org/records/7050462,True,4,4,0,0,0,4,3,False,False,0,0,False,True,cc-by-4.0,False,False,False,False,False,False,False,True,2022-09-05T11:43:30.980958+00:00,False,NA,0,0,True,True,oc_binfrac_sea.pdf
10.5281/zenodo.6863844,https://doi.org/10.5281/zenodo.6863844,https://zenodo.org/records/6863844,True,4,4,0,0,0,4,4,False,False,2,0,True,True,cc-by-4.0,True,True,True,False,False,True,True,True,2022-09-05T10:41:22.399948+00:00,False,NA,2,0,True,True,ECSA59_Poster_Solana.pdf
10.5281/zenodo.7048944,https://doi.org/10.5281/zenodo.7048944,https://zenodo.org/records/7048944,True,11,11,0,0,0,11,4,False,False,0,0,False,True,cc-by-4.0,False,False,False,False,False,False,False,True,2022-09-05T10:37:04.828243+00:00,False,NA,0,0,True,False,VL_SMathur_poster_SEA2022.pdf
10.5281/zenodo.7050035,https://doi.org/10.5281/zenodo.7050035,https://zenodo.org/records/7050035,True,1,1,0,0,0,1,1,False,False,0,0,True,True,cc-by-4.0,True,True,True,False,False,True,False,True,2022-09-05T09:57:27.382148+00:00,False,NA,0,0,True,False,VLA4A_sed.pdf; poster.pdf; VLA4B_sed.pdf; VLA4B_spatial_profile.png; VLA4A_spatial_profile.png
10.5281/zenodo.7050019,https://doi.org/10.5281/zenodo.7050019,https://zenodo.org/records/7050019,True,3,3,0,0,0,3,2,False,False,0,0,False,True,cc-by-4.0,False,False,False,False,False,False,False,True,2022-09-05T09:44:50.837355+00:00,False,NA,0,0,True,False,Poster_SEA_Christian_Gimeno.pdf; SEA2022_GimenoAmo.pdf
10.5281/zenodo.7049761,https://doi.org/10.5281/zenodo.7049761,https://zenodo.org/records/7049761,True,1,0,0,0,0,1,0,False,False,0,0,False,True,cc-by-4.0,False,False,False,False,False,False,False,True,2022-09-05T08:25:47.058139+00:00,False,NA,0,0,True,False,Baum-NER_and_Knowledge_Linkage-KONVENS_2022.pdf; NER_and_Knowledge_Linking_Poster_Baum_Konvens22.pdf
10.5281/zenodo.7049806,https://doi.org/10.5281/zenodo.7049806,https://zenodo.org/records/7049806,True,10,10,0,0,0,10,1,False,False,0,0,False,True,cc-by-4.0,False,False,False,False,False,False,False,True,2022-09-05T08:22:16.870977+00:00,False,NA,0,0,True,False,Poster_SEA_2022.pdf
10.5281/zenodo.7049453,https://doi.org/10.5281/zenodo.7049453,https://zenodo.org/records/7049453,True,56,55,0,0,0,56,1,False,False,0,0,True,True,cc-by-4.0,False,False,False,False,False,False,False,True,2022-09-05T06:37:14.460630+00:00,False,NA,0,0,True,True,J-PLUS DR3 SEA 2022 eposter A3 Vazquez Ramio.pdf
10.5281/zenodo.7049350,https://doi.org/10.5281/zenodo.7049350,https://zenodo.org/records/7049350,True,3,3,0,0,0,3,0,False,False,0,0,False,True,cc-by-4.0,False,False,False,False,False,False,False,True,2022-09-05T06:13:53.556572+00:00,False,NA,0,0,True,False,J Price_ASM Poster.pdf
10.5281/zenodo.7049061,https://doi.org/10.5281/zenodo.7049061,https://zenodo.org/records/7049061,True,3,3,0,0,0,3,0,False,False,0,0,False,True,cc-by-4.0,False,False,False,False,False,False,False,True,2022-09-05T01:24:40.282034+00:00,False,NA,0,0,True,False,SEA2022_SUstamujic-LSST.pdf
10.5281/zenodo.7048958,https://doi.org/10.5281/zenodo.7048958,https://zenodo.org/records/7048958,True,11,11,0,0,0,11,11,False,False,0,0,True,True,cc-by-4.0,False,True,True,False,False,True,False,True,2022-09-04T23:19:20.762385+00:00,False,NA,0,0,True,False,ngc2110.pdf; ngc7465.pdf; ngc3227.pdf; ngc6814.pdf; ngc4388-pointing_2.pdf; poster_peraltadearribal.pdf; ngc5506.pdf; ngc4388-pointing_1.pdf
10.5281/zenodo.7048964,https://doi.org/10.5281/zenodo.7048964,https://zenodo.org/records/7048964,True,1,1,0,0,0,1,0,False,False,0,0,False,True,cc-by-2.0,False,False,False,False,False,False,False,True,2022-09-04T23:03:40.646877+00:00,False,NA,0,0,True,False,GRB160410A_SEA2022.pdf
10.5281/zenodo.7048966,https://doi.org/10.5281/zenodo.7048966,https://zenodo.org/records/7048966,True,1,1,0,0,0,1,1,False,False,0,0,False,True,cc-by-4.0,False,False,False,False,False,False,False,True,2022-09-04T23:01:32.703898+00:00,False,NA,0,0,True,False,Poster_Adpm_SEA_2022.pdf
10.5281/zenodo.7048916,https://doi.org/10.5281/zenodo.7048916,https://zenodo.org/records/7048916,True,3,3,0,0,0,3,3,False,False,0,0,False,True,cc-by-4.0,False,False,False,False,False,False,False,True,2022-09-04T22:50:09.227617+00:00,False,NA,0,0,True,False,ghaffari-sea.pdf
10.5281/zenodo.7048922,https://doi.org/10.5281/zenodo.7048922,https://zenodo.org/records/7048922,True,8,8,0,0,0,8,7,False,False,0,0,True,True,cc-by-4.0,False,True,True,False,False,True,False,True,2022-09-04T21:54:00.615178+00:00,False,NA,0,0,True,False,velilla_sea22.pdf
10.5281/zenodo.7048828,https://doi.org/10.5281/zenodo.7048828,https://zenodo.org/records/7048828,True,2,2,0,0,0,2,0,False,False,0,0,True,True,cc-by-4.0,True,True,True,False,False,True,True,True,2022-09-04T20:44:40.856873+00:00,False,NA,0,0,True,False,JaviHdezAfon_SEA_2022_poster.pdf
10.5281/zenodo.7048799,https://doi.org/10.5281/zenodo.7048799,https://zenodo.org/records/7048799,True,7,7,0,0,0,7,7,False,False,0,0,False,True,cc-by-4.0,False,False,False,False,False,False,False,True,2022-09-04T20:18:45.652063+00:00,False,NA,0,0,True,False,HuBi1-SEA-3 (1).pdf
10.5281/zenodo.7047701,https://doi.org/10.5281/zenodo.7047701,https://zenodo.org/records/7047701,True,5,5,0,0,0,5,0,False,False,0,0,False,True,cc-by-4.0,False,False,False,False,False,False,False,True,2022-09-04T18:54:10.590507+00:00,False,NA,0,0,True,False,aederocl_SEA_2022_poster.pdf; aederocl_SEA_2022_slides.pdf
10.5281/zenodo.7048579,https://doi.org/10.5281/zenodo.7048579,https://zenodo.org/records/7048579,True,3,3,0,0,0,3,2,False,False,0,0,False,True,cc-by-4.0,False,False,False,False,False,False,False,True,2022-09-04T18:32:07.967965+00:00,False,NA,0,0,True,False,NerimanYilmazFinal.pdf
10.5281/zenodo.7048524,https://doi.org/10.5281/zenodo.7048524,https://zenodo.org/records/7048524,True,3,3,0,0,0,3,0,False,False,0,0,True,True,cc-by-4.0,False,False,False,False,False,False,False,True,2022-09-04T17:59:47.287674+00:00,False,NA,0,0,True,True,Poster Guillermo Martínez Somonte.pdf
10.5281/zenodo.7048325,https://doi.org/10.5281/zenodo.7048325,https://zenodo.org/records/7048325,True,3,3,0,0,0,3,3,False,False,0,0,False,True,cc-by-4.0,True,True,True,False,False,True,True,True,2022-09-04T17:38:52.540543+00:00,False,NA,0,0,True,True,SEA_AbeldeBurgos_Poster.pdf
10.5281/zenodo.7048387,https://doi.org/10.5281/zenodo.7048387,https://zenodo.org/records/7048387,True,3,3,0,0,0,3,0,False,False,0,0,False,True,cc-by-4.0,False,False,False,False,False,False,False,True,2022-09-04T17:19:42.921302+00:00,False,NA,0,0,True,False,Unveiling the formation of Milky Way-like galaxies through the relative abundance of metals in their stars.pdf
10.5281/zenodo.7048301,https://doi.org/10.5281/zenodo.7048301,https://zenodo.org/records/7048301,True,7,7,0,0,0,7,1,False,False,0,0,True,True,cc-by-4.0,False,False,False,False,False,False,False,True,2022-09-04T16:38:40.154647+00:00,False,NA,0,0,True,False,NIR_comets.pdf
10.5281/zenodo.7048264,https://doi.org/10.5281/zenodo.7048264,https://zenodo.org/records/7048264,True,6,1,0,0,0,6,1,False,False,0,0,True,True,cc-by-4.0,False,False,False,False,False,False,False,True,2022-09-04T16:23:05.912935+00:00,False,NA,0,0,True,False,poster_5vul_cheops.pdf
10.5281/zenodo.7047796,https://doi.org/10.5281/zenodo.7047796,https://zenodo.org/records/7047796,True,2,2,0,0,0,2,0,False,False,0,0,False,True,cc-by-4.0,False,False,False,False,False,False,False,True,2022-09-04T16:18:47.729215+00:00,False,NA,0,0,True,False,aederocl_SEA_2022_CVs_slides.pdf; aederocl_SEA_2022_CVs_poster.pdf
10.5281/zenodo.7048207,https://doi.org/10.5281/zenodo.7048207,https://zenodo.org/records/7048207,True,4,4,0,0,0,4,0,False,False,0,0,False,True,cc-by-4.0,False,False,False,False,False,False,False,True,2022-09-04T15:58:49.401052+00:00,False,NA,0,0,True,False,pyrzas_jvar_sea2022.pdf
10.5281/zenodo.7048043,https://doi.org/10.5281/zenodo.7048043,https://zenodo.org/records/7048043,True,7,7,0,0,0,7,1,False,False,0,0,True,True,cc-by-4.0,False,False,False,False,False,False,False,True,2022-09-04T14:18:33.458785+00:00,False,NA,0,0,True,False,poster_test (5).pdf
10.5281/zenodo.7047921,https://doi.org/10.5281/zenodo.7047921,https://zenodo.org/records/7047921,True,1,1,0,0,0,1,1,False,False,0,0,True,True,cc-by-4.0,False,False,False,False,False,False,False,True,2022-09-04T13:13:29.052089+00:00,False,NA,0,0,True,False,30m_SEA2022.pdf
10.5281/zenodo.7047812,https://doi.org/10.5281/zenodo.7047812,https://zenodo.org/records/7047812,True,11,1,0,0,0,11,0,False,False,0,0,False,True,cc-by-4.0,False,False,False,False,False,False,False,True,2022-09-04T12:06:18.371539+00:00,False,NA,0,0,True,False,poster_m33.pdf
10.5281/zenodo.7047731,https://doi.org/10.5281/zenodo.7047731,https://zenodo.org/records/7047731,True,3,3,0,0,0,3,0,False,False,0,0,False,True,cc-by-4.0,False,False,False,False,False,False,False,True,2022-09-04T11:10:19.815246+00:00,False,NA,0,0,True,False,SEA_poster.pdf
10.5281/zenodo.7047433,https://doi.org/10.5281/zenodo.7047433,https://zenodo.org/records/7047433,True,3,2,0,0,0,3,2,False,False,0,0,True,True,cc-by-4.0,False,False,False,False,False,False,False,True,2022-09-04T08:09:54.842012+00:00,False,NA,0,0,True,True,SEA_A0_v4.pdf
10.5281/zenodo.7047405,https://doi.org/10.5281/zenodo.7047405,https://zenodo.org/records/7047405,True,8,8,0,0,0,8,1,False,False,0,1,False,True,cc-by-4.0,True,True,True,False,False,True,False,True,2022-09-04T07:36:45.042555+00:00,False,NA,0,1,True,False,SEA_Meeting_poster-Jorge_Otero_Santos.pdf
10.5281/zenodo.7047400,https://doi.org/10.5281/zenodo.7047400,https://zenodo.org/records/7047400,True,6,6,0,0,0,6,0,False,False,0,0,True,True,cc-by-4.0,False,False,False,False,False,False,False,True,2022-09-04T07:24:53.393061+00:00,False,NA,0,0,True,False,poster_Cesar_Esteban_etal_SEA_2022.pdf
10.5281/zenodo.7047126,https://doi.org/10.5281/zenodo.7047126,https://zenodo.org/records/7047126,True,2,2,0,0,0,2,2,False,False,3,0,True,True,cc-by-4.0,False,False,False,False,False,False,False,True,2022-09-04T00:02:21.544779+00:00,False,NA,3,0,True,False,ilovepdf_merged.pdf
10.5281/zenodo.7046980,https://doi.org/10.5281/zenodo.7046980,https://zenodo.org/records/7046980,True,3,3,0,0,0,3,1,False,False,0,0,True,True,cc-by-4.0,False,False,False,False,False,False,False,True,2022-09-03T20:56:40.452380+00:00,False,NA,0,0,True,False,VL_Berlanas_SR_SEA22.pdf
10.5281/zenodo.7046755,https://doi.org/10.5281/zenodo.7046755,https://zenodo.org/records/7046755,True,3,3,0,0,0,3,1,False,False,0,0,True,True,cc-by-4.0,False,False,False,False,False,False,False,True,2022-09-03T18:29:25.254586+00:00,False,NA,0,0,True,False,Póster SEA2022.pdf
10.5281/zenodo.7046721,https://doi.org/10.5281/zenodo.7046721,https://zenodo.org/records/7046721,True,2,2,0,0,0,2,2,False,False,0,0,False,True,cc-by-4.0,False,False,False,False,False,False,False,True,2022-09-03T17:58:23.786720+00:00,False,NA,0,0,True,False,sea2022_poster_corral_mehner.pdf
10.5281/zenodo.7046551,https://doi.org/10.5281/zenodo.7046551,https://zenodo.org/records/7046551,True,1,1,0,0,0,1,1,False,False,0,0,True,True,cc-by-4.0,False,False,False,False,False,False,False,True,2022-09-03T17:41:37.724426+00:00,False,NA,0,0,True,False,Daniel Marin Pina (Phone format).pdf
10.5281/zenodo.7046708,https://doi.org/10.5281/zenodo.7046708,https://zenodo.org/records/7046708,True,3,3,0,0,0,3,3,False,False,0,0,True,True,cc-by-4.0,False,False,False,False,False,False,False,True,2022-09-03T17:28:26.778695+00:00,False,NA,0,0,True,False,poster.pdf
10.5281/zenodo.7046360,https://doi.org/10.5281/zenodo.7046360,https://zenodo.org/records/7046360,True,6,6,0,0,0,6,6,True,False,0,0,False,True,cc-by-4.0,False,False,False,False,False,False,False,True,2022-09-03T15:03:59.886046+00:00,False,NA,0,0,True,False,GMS_poster.pdf
10.5281/zenodo.7046257,https://doi.org/10.5281/zenodo.7046257,https://zenodo.org/records/7046257,True,9,9,0,0,0,9,2,False,False,0,0,False,True,cc-by-4.0,False,False,False,False,False,False,False,True,2022-09-03T13:14:22.228738+00:00,False,NA,0,0,True,False,fp_poster_A3_SEA_2022_zenodo.pdf
10.5281/zenodo.7046147,https://doi.org/10.5281/zenodo.7046147,https://zenodo.org/records/7046147,True,18,18,0,0,0,18,1,False,False,0,0,False,True,cc-by-4.0,False,False,False,False,False,False,False,True,2022-09-03T12:25:11.669728+00:00,False,NA,0,0,True,False,Poster-SEA2022-GKPer.pdf
10.5281/zenodo.7044634,https://doi.org/10.5281/zenodo.7044634,https://zenodo.org/records/7044634,True,2,2,0,0,0,2,0,False,False,0,0,True,True,cc-by-4.0,False,False,False,False,False,False,False,True,2022-09-03T11:46:48.016397+00:00,False,NA,0,0,True,False,poster_canet.pdf
10.5281/zenodo.7046034,https://doi.org/10.5281/zenodo.7046034,https://zenodo.org/records/7046034,True,3,3,0,0,0,3,0,True,False,0,0,False,True,cc-by-4.0,False,False,False,False,False,False,False,True,2022-09-03T10:49:51.455559+00:00,False,NA,0,0,True,False,fft-gravity-MPM-ACB-NT.pdf
10.5281/zenodo.7046000,https://doi.org/10.5281/zenodo.7046000,https://zenodo.org/records/7046000,True,1,1,0,0,0,1,1,False,False,0,0,True,True,cc-by-4.0,False,False,False,False,False,False,False,True,2022-09-03T10:15:12.987637+00:00,False,NA,0,0,True,False,LRP_SEA2022.pdf
10.5281/zenodo.7044485,https://doi.org/10.5281/zenodo.7044485,https://zenodo.org/records/7044485,True,3,3,0,0,0,3,1,False,False,0,0,False,True,cc-by-4.0,False,False,False,False,False,False,False,True,2022-09-03T10:14:19.831719+00:00,False,NA,0,0,True,False,Lopez-Viejobueno_Poster_SEA2022.pdf
10.5281/zenodo.7045814,https://doi.org/10.5281/zenodo.7045814,https://zenodo.org/records/7045814,True,15,15,0,0,0,15,0,False,False,0,0,False,True,cc-by-4.0,False,False,False,False,False,False,False,True,2022-09-03T10:10:10.728270+00:00,False,NA,0,0,True,False,gonzalezgalindo_SEA2022_poster.pdf
10.5281/zenodo.7045868,https://doi.org/10.5281/zenodo.7045868,https://zenodo.org/records/7045868,True,4,4,0,0,0,4,3,False,False,0,0,False,True,cc-by-4.0,False,False,False,False,False,False,False,True,2022-09-03T09:37:49.461887+00:00,False,NA,0,0,True,False,RodriguezSanchezMiriamSEA2022.pdf
10.5281/zenodo.7045830,https://doi.org/10.5281/zenodo.7045830,https://zenodo.org/records/7045830,True,3,3,0,0,0,3,1,False,False,0,0,True,True,cc-by-4.0,False,False,False,False,False,False,False,True,2022-09-03T09:23:16.772893+00:00,False,NA,0,0,True,False,SEA_Cid_August1972.pdf
10.5281/zenodo.7045816,https://doi.org/10.5281/zenodo.7045816,https://zenodo.org/records/7045816,True,3,3,0,0,0,3,1,False,False,0,0,True,True,cc-by-4.0,True,True,True,True,False,True,True,True,2022-09-03T09:16:43.773147+00:00,False,NA,0,0,True,False,VLF_poster.png
10.5281/zenodo.7045040,https://doi.org/10.5281/zenodo.7045040,https://zenodo.org/records/7045040,True,6,6,0,0,0,6,1,False,False,0,0,False,True,cc-by-4.0,False,False,False,False,False,False,False,True,2022-09-02T22:27:09.444143+00:00,False,NA,0,0,True,False,Poster_SEA2022_DQuirino_GGilli_et_al_toupload.pdf
10.5281/zenodo.7044989,https://doi.org/10.5281/zenodo.7044989,https://zenodo.org/records/7044989,True,4,4,0,0,0,4,1,False,False,0,0,False,True,cc-by-4.0,False,False,False,False,False,False,False,True,2022-09-02T21:03:48.215594+00:00,False,NA,0,0,True,True,GarciaLorenzo_Begona_poster_SEA2022.pdf
10.5281/zenodo.7044837,https://doi.org/10.5281/zenodo.7044837,https://zenodo.org/records/7044837,True,1,1,0,0,0,1,1,False,False,4,0,False,True,cc-by-4.0,False,False,False,False,False,False,False,True,2022-09-02T19:19:34.374646+00:00,False,NA,4,0,True,False,Pascual-Granado_SEA2022.pdf
10.5281/zenodo.7044692,https://doi.org/10.5281/zenodo.7044692,https://zenodo.org/records/7044692,True,3,3,0,0,0,3,0,False,False,0,0,True,True,cc-by-4.0,False,False,False,False,False,False,False,True,2022-09-02T17:46:25.423438+00:00,False,NA,0,0,True,False,SEA_poster.pdf
10.5281/zenodo.7044670,https://doi.org/10.5281/zenodo.7044670,https://zenodo.org/records/7044670,True,5,5,0,0,0,5,5,False,False,0,0,False,True,cc-by-4.0,False,False,False,False,False,False,False,True,2022-09-02T17:36:50.408422+00:00,False,NA,0,0,True,False,SEA-Poster_.pdf
10.5281/zenodo.7044661,https://doi.org/10.5281/zenodo.7044661,https://zenodo.org/records/7044661,True,10,10,0,0,0,10,9,False,False,1,0,True,True,cc-by-4.0,False,False,False,False,False,False,False,True,2022-09-02T17:29:51.442168+00:00,False,NA,1,0,True,False,SEA2022.pdf; SEA2022_slides.pdf
10.5281/zenodo.7044395,https://doi.org/10.5281/zenodo.7044395,https://zenodo.org/records/7044395,True,1,1,0,0,0,1,1,False,False,0,0,False,True,cc-by-4.0,False,False,False,False,False,False,False,True,2022-09-02T16:45:29.981062+00:00,False,NA,0,0,True,False,poster-FRBs.tex; poster-FRBs.pdf
10.5281/zenodo.7044586,https://doi.org/10.5281/zenodo.7044586,https://zenodo.org/records/7044586,True,4,4,0,0,0,4,4,False,False,0,0,True,True,cc-by-4.0,False,False,False,False,False,False,False,True,2022-09-02T16:44:32.100925+00:00,False,NA,0,0,True,True,poster.pdf
10.5281/zenodo.7044347,https://doi.org/10.5281/zenodo.7044347,https://zenodo.org/records/7044347,True,1,1,0,0,0,1,1,False,False,0,0,False,True,cc-by-4.0,False,False,False,False,False,False,False,True,2022-09-02T16:40:51.212165+00:00,False,NA,0,0,True,False,poster-CWBs.tex; poster-CWBs.pdf
10.5281/zenodo.7044523,https://doi.org/10.5281/zenodo.7044523,https://zenodo.org/records/7044523,True,5,4,0,0,0,5,1,False,False,0,0,True,True,cc-by-4.0,False,False,False,False,False,False,False,True,2022-09-02T16:31:56.842971+00:00,False,NA,0,0,True,False,Poster_Martinez-Badenes-et-al.pdf
10.5281/zenodo.7044504,https://doi.org/10.5281/zenodo.7044504,https://zenodo.org/records/7044504,True,5,5,0,0,0,5,1,False,False,0,0,False,True,cc-by-4.0,False,False,False,False,False,False,False,True,2022-09-02T16:19:09.081490+00:00,False,NA,0,0,True,False,Poster_Martinez-Badenes-et-al.pdf
10.5281/zenodo.7044439,https://doi.org/10.5281/zenodo.7044439,https://zenodo.org/records/7044439,True,1,1,0,0,0,1,1,False,False,0,0,False,True,cc-by-4.0,False,False,False,False,False,False,False,True,2022-09-02T15:55:51.747281+00:00,False,NA,0,0,True,False,Proxima_sea2022.pdf
10.5281/zenodo.7044427,https://doi.org/10.5281/zenodo.7044427,https://zenodo.org/records/7044427,True,4,4,0,0,0,4,0,True,False,0,0,True,True,cc-by-4.0,False,False,False,False,False,False,False,True,2022-09-02T15:51:34.097365+00:00,False,NA,0,0,True,False,NAM27_poster.pdf
10.5281/zenodo.7044409,https://doi.org/10.5281/zenodo.7044409,https://zenodo.org/records/7044409,True,4,4,0,0,0,4,1,False,False,0,0,False,True,cc-by-4.0,False,False,False,False,False,False,False,True,2022-09-02T15:51:10.767577+00:00,False,NA,0,0,True,False,poster_SEA2022_DMG.pdf
10.5281/zenodo.7044413,https://doi.org/10.5281/zenodo.7044413,https://zenodo.org/records/7044413,True,4,4,0,0,0,4,0,True,False,0,0,True,True,cc-by-4.0,False,False,False,False,False,False,False,True,2022-09-02T15:48:17.275798+00:00,False,NA,0,0,True,False,NPS17_Tue.pdf
10.5281/zenodo.7044401,https://doi.org/10.5281/zenodo.7044401,https://zenodo.org/records/7044401,True,4,3,0,0,0,4,0,True,False,0,0,True,True,cc-by-4.0,False,False,False,False,False,False,False,True,2022-09-02T15:43:19.826840+00:00,False,NA,0,0,True,False,Poster_Bouter_N3c_2022V3.pdf
10.5281/zenodo.7044398,https://doi.org/10.5281/zenodo.7044398,https://zenodo.org/records/7044398,True,4,4,0,0,0,4,0,True,False,0,0,True,True,cc-by-4.0,False,False,False,False,False,False,False,True,2022-09-02T15:39:40.629388+00:00,False,NA,0,0,True,False,Poster_Alex Man_N3C_2022.pdf
10.5281/zenodo.7044370,https://doi.org/10.5281/zenodo.7044370,https://zenodo.org/records/7044370,True,4,4,0,0,0,4,1,False,False,0,0,False,True,cc-by-4.0,False,False,False,False,False,False,False,True,2022-09-02T15:31:54.392862+00:00,False,NA,0,0,True,False,HermionerSFernandez_1_09_22.pdf
10.5281/zenodo.7044358,https://doi.org/10.5281/zenodo.7044358,https://zenodo.org/records/7044358,True,4,4,0,0,0,4,0,True,False,0,0,True,True,cc-by-4.0,False,False,False,False,False,False,False,True,2022-09-02T15:28:46.168289+00:00,False,NA,0,0,True,False,IWCCU_v2_POmod.jpg
10.5281/zenodo.7043883,https://doi.org/10.5281/zenodo.7043883,https://zenodo.org/records/7043883,True,3,3,0,0,0,3,3,False,False,0,0,True,True,cc-by-4.0,False,False,False,False,False,False,False,True,2022-09-02T15:23:35.001694+00:00,False,NA,0,0,True,False,poster_SEA2022_AlbertoAlvarezSaavedra_ZENODO.pdf
10.5281/zenodo.7044331,https://doi.org/10.5281/zenodo.7044331,https://zenodo.org/records/7044331,True,9,9,0,0,0,9,2,True,False,0,0,True,True,cc-by-4.0,False,True,True,False,False,True,True,True,2022-09-02T15:20:18.771332+00:00,False,NA,0,0,True,False,Kuopio_HUS_poster_AIMind_2022-08-24.pdf
10.5281/zenodo.7044293,https://doi.org/10.5281/zenodo.7044293,https://zenodo.org/records/7044293,True,1,1,0,0,0,1,1,False,False,0,0,False,True,cc-by-4.0,False,False,False,False,False,False,False,True,2022-09-02T15:05:31.513149+00:00,False,NA,0,0,True,False,v1298_sea2022.pdf
10.5281/zenodo.7042690,https://doi.org/10.5281/zenodo.7042690,https://zenodo.org/records/7042690,True,4,4,0,0,0,4,1,False,False,0,0,False,True,cc-by-4.0,False,False,False,False,False,False,False,True,2022-09-02T14:59:04.588867+00:00,False,NA,0,0,True,False,HermionerSFernandez_1_09_22.pdf
10.5281/zenodo.7042762,https://doi.org/10.5281/zenodo.7042762,https://zenodo.org/records/7042762,True,6,6,0,0,0,6,1,False,False,0,0,False,True,cc-by-4.0,False,False,False,False,False,False,False,True,2022-09-02T14:36:09.444281+00:00,False,NA,0,0,True,False,LitioLunaSFernandez_1_09_22.pdf
10.5281/zenodo.7044152,https://doi.org/10.5281/zenodo.7044152,https://zenodo.org/records/7044152,True,1,1,0,0,0,1,1,False,False,0,0,False,True,cc-by-4.0,False,False,False,False,False,False,False,True,2022-09-02T14:13:33.393451+00:00,False,NA,0,0,True,False,Poster_ML_NGC300.pdf
10.5281/zenodo.7044148,https://doi.org/10.5281/zenodo.7044148,https://zenodo.org/records/7044148,True,1,1,0,0,0,1,1,False,False,0,0,False,True,cc-by-4.0,False,False,False,False,False,False,False,True,2022-09-02T14:11:22.081691+00:00,False,NA,0,0,True,False,Poster_DTD_SN.pdf
10.5281/zenodo.7043918,https://doi.org/10.5281/zenodo.7043918,https://zenodo.org/records/7043918,True,5,5,0,0,0,5,1,False,False,0,0,False,True,cc-by-4.0,False,False,False,False,False,False,False,True,2022-09-02T13:48:36.919281+00:00,False,NA,0,0,True,False,posterA0_SEA2022_SBF.pdf
10.5281/zenodo.7043844,https://doi.org/10.5281/zenodo.7043844,https://zenodo.org/records/7043844,True,1,1,0,0,0,1,0,False,True,25,1,False,True,cc-by-4.0,True,True,True,True,True,True,True,True,2022-09-02T13:42:58.858946+00:00,False,NA,25,1,True,True,HANDICRAFTS-REVITALIZE CULTURAL HERITAGE THROUGH INNOVATION AND DIGITAL FABRICATION.docx
10.5281/zenodo.7042917,https://doi.org/10.5281/zenodo.7042917,https://zenodo.org/records/7042917,True,1,1,0,0,0,1,1,False,False,0,9,False,True,cc-by-4.0,False,True,True,False,False,True,False,True,2022-09-02T13:34:55.850859+00:00,False,NA,0,9,True,False,Poster_Schulze_SETAC_GLB_2022.pdf
10.3390/engproc2022021040,https://doi.org/10.3390/engproc2022021040,https://zenodo.org/records/7043864,True,7,7,0,0,0,7,0,True,False,0,0,True,True,cc-by-4.0,False,False,False,False,False,False,False,True,2022-09-02T13:32:47.705863+00:00,False,NA,0,0,True,False,engproc-21-00040 (1).pdf
10.5281/zenodo.7043779,https://doi.org/10.5281/zenodo.7043779,https://zenodo.org/records/7043779,True,4,4,0,0,0,4,0,True,False,0,0,True,True,cc-by-4.0,False,False,False,False,False,False,False,True,2022-09-02T13:16:16.608221+00:00,False,NA,0,0,True,False,Flyer_VIP_2022.pdf
10.5281/zenodo.7043681,https://doi.org/10.5281/zenodo.7043681,https://zenodo.org/records/7043681,True,3,3,0,0,0,3,0,False,False,0,0,False,True,cc-by-4.0,True,True,True,False,False,True,False,True,2022-09-02T13:00:12.508115+00:00,False,NA,0,0,True,False,Poster_SEA-2022.pdf
10.5281/zenodo.7043679,https://doi.org/10.5281/zenodo.7043679,https://zenodo.org/records/7043679,True,5,5,0,0,0,5,4,False,False,6,0,False,True,cc-by-4.0,False,False,False,False,False,False,False,True,2022-09-02T12:39:00.873065+00:00,False,NA,6,0,True,False,SEA2022.Poster.Caballero.LIFE.pdf
10.5281/zenodo.7043107,https://doi.org/10.5281/zenodo.7043107,https://zenodo.org/records/7043107,True,2,2,0,0,0,2,2,False,False,0,0,True,True,cc-by-4.0,True,True,True,True,False,True,True,True,2022-09-02T12:17:41.661562+00:00,False,NA,0,0,True,False,STI_Conference_2022_Poster_KristinBiesenbender.pdf
10.5281/zenodo.7043482,https://doi.org/10.5281/zenodo.7043482,https://zenodo.org/records/7043482,True,2,2,0,0,0,2,2,False,False,0,0,True,True,cc-by-4.0,False,True,False,False,False,True,True,True,2022-09-02T12:09:49.137960+00:00,False,NA,0,0,True,False,B_Breitenmoser_Keller-Schneider_2021_Klimawandel unterrichten_VoR_1.pdf
10.5281/zenodo.7043358,https://doi.org/10.5281/zenodo.7043358,https://zenodo.org/records/7043358,True,4,4,0,0,0,4,0,False,False,0,0,False,True,cc-by-4.0,False,False,False,False,False,False,False,True,2022-09-02T11:31:15.727177+00:00,False,NA,0,0,True,False,SEA2022_A0.pdf
10.5281/zenodo.7043398,https://doi.org/10.5281/zenodo.7043398,https://zenodo.org/records/7043398,True,4,4,0,0,0,4,1,False,False,4,4,True,True,cc-by-4.0,False,True,True,False,False,True,True,True,2022-09-02T11:30:44.127574+00:00,False,NA,4,4,True,False,Tous_SF_rings_S0.pdf
10.5281/zenodo.7043380,https://doi.org/10.5281/zenodo.7043380,https://zenodo.org/records/7043380,True,2,2,0,0,0,2,0,False,False,0,0,True,True,cc-by-4.0,False,False,False,False,False,False,False,True,2022-09-02T11:24:37.292938+00:00,False,NA,0,0,True,False,kuutma_sea2022_poster_full.pdf
10.5281/zenodo.7042846,https://doi.org/10.5281/zenodo.7042846,https://zenodo.org/records/7042846,True,4,4,0,0,0,4,4,False,False,0,0,True,True,cc-by-4.0,False,False,False,False,False,False,False,True,2022-09-02T11:10:57.377127+00:00,False,NA,0,0,True,False,Poster_BorjaPerez_SEA2022.pdf
10.5281/zenodo.7043295,https://doi.org/10.5281/zenodo.7043295,https://zenodo.org/records/7043295,True,1,1,0,0,0,1,0,False,False,0,0,True,True,cc-by-4.0,False,False,False,False,False,False,False,True,2022-09-02T10:59:53.715866+00:00,False,NA,0,0,True,False,Panel-2500x700mm-copia.jpg
10.5281/zenodo.7043332,https://doi.org/10.5281/zenodo.7043332,https://zenodo.org/records/7043332,True,2,2,0,0,0,2,2,False,False,0,0,False,True,cc-by-4.0,False,True,True,False,False,True,True,True,2022-09-02T10:59:23.089629+00:00,False,NA,0,0,True,False,Poster__CaT_analisis__SEA_2022.pdf
10.5281/zenodo.7043323,https://doi.org/10.5281/zenodo.7043323,https://zenodo.org/records/7043323,True,2,2,0,0,0,2,2,False,False,0,0,False,True,cc-by-4.0,False,True,True,False,False,True,True,True,2022-09-02T10:52:47.951907+00:00,False,NA,0,0,True,False,Poster__NGC7742__SEA_2022.pdf
10.5281/zenodo.7043218,https://doi.org/10.5281/zenodo.7043218,https://zenodo.org/records/7043218,True,5,5,0,0,0,5,4,False,False,0,0,False,True,cc-by-4.0,False,True,True,False,False,True,True,True,2022-09-02T10:46:21.728204+00:00,False,NA,0,0,True,True,poster_SEA_A0_JimenezPalau_etal.pdf
10.5281/zenodo.7043256,https://doi.org/10.5281/zenodo.7043256,https://zenodo.org/records/7043256,True,4,4,0,0,0,4,4,False,False,7,0,False,True,cc-by-4.0,False,False,False,False,False,False,False,True,2022-09-02T10:22:03.747051+00:00,False,NA,7,0,True,False,poster2_chrduque.pdf
10.5281/zenodo.7043233,https://doi.org/10.5281/zenodo.7043233,https://zenodo.org/records/7043233,True,1,1,0,0,0,1,0,False,False,0,0,True,True,cc-by-4.0,False,False,False,False,False,False,False,True,2022-09-02T10:10:53.027852+00:00,False,NA,0,0,True,False,Gender Biased Algorithms (Anonymous).pdf
10.5281/zenodo.7043113,https://doi.org/10.5281/zenodo.7043113,https://zenodo.org/records/7043113,True,2,2,0,0,0,2,0,False,False,0,0,True,True,cc-by-4.0,False,False,False,False,False,False,False,True,2022-09-02T10:08:13.905848+00:00,False,NA,0,0,True,False,Poster_CarlosLopez_SEA2022_CosmologyAstroparticle_P25_STRIP.pdf
10.5281/zenodo.7043212,https://doi.org/10.5281/zenodo.7043212,https://zenodo.org/records/7043212,True,6,6,0,0,0,6,6,False,False,8,0,False,True,cc-by-4.0,False,False,False,False,False,False,False,True,2022-09-02T10:03:49.170846+00:00,False,NA,8,0,True,False,poster1_chrduque.pdf
10.5281/zenodo.7043188,https://doi.org/10.5281/zenodo.7043188,https://zenodo.org/records/7043188,True,1,1,0,0,0,1,1,False,False,0,0,True,True,cc-by-4.0,False,False,False,False,False,False,False,True,2022-09-02T09:51:53.543889+00:00,False,NA,0,0,True,True,SEA_2022_David_Sanchez_Cid.pdf
10.5281/zenodo.7040684,https://doi.org/10.5281/zenodo.7040684,https://zenodo.org/records/7040684,True,5,4,0,0,0,5,4,False,False,0,0,False,True,cc-by-4.0,True,True,True,False,False,True,True,True,2022-09-02T08:55:03.093957+00:00,False,NA,0,0,True,False,poster_SEA_tfgi.pdf
10.5281/zenodo.7041038,https://doi.org/10.5281/zenodo.7041038,https://zenodo.org/records/7041038,True,9,9,0,0,0,9,1,False,False,0,0,False,True,cc-by-4.0,False,False,False,False,False,False,False,True,2022-09-02T08:47:41.646348+00:00,False,NA,0,0,True,False,2022.09.04 - Poster SEA 2022.pdf
10.5281/zenodo.7042936,https://doi.org/10.5281/zenodo.7042936,https://zenodo.org/records/7042936,True,3,3,0,0,0,3,0,False,False,0,0,True,True,cc-by-4.0,False,True,True,False,False,True,True,True,2022-09-02T08:28:27.742893+00:00,False,NA,0,0,True,False,PosterBig.pdf
10.5281/zenodo.7042722,https://doi.org/10.5281/zenodo.7042722,https://zenodo.org/records/7042722,True,1,0,0,0,0,1,0,True,False,0,0,True,True,cc-by-4.0,False,False,False,False,False,False,False,True,2022-09-02T08:18:36.877975+00:00,False,NA,0,0,True,False,Agricore_Newsletter_final.pdf
10.5281/zenodo.7041728,https://doi.org/10.5281/zenodo.7041728,https://zenodo.org/records/7041728,True,2,2,0,0,0,2,2,False,False,0,0,True,True,cc-by-4.0,False,False,False,False,False,False,False,True,2022-09-02T07:52:19.001092+00:00,False,NA,0,0,True,False,DCuenda_PosterZenodo_SEA2022.pdf
10.5281/zenodo.6642546,https://doi.org/10.5281/zenodo.6642546,https://zenodo.org/records/6642546,True,1,1,0,0,0,1,0,False,False,0,0,False,True,cc-by-4.0,False,False,False,False,False,False,False,True,2022-09-02T07:38:03.661741+00:00,False,NA,0,0,True,False,MZ_Metabolomics.pdf
10.5281/zenodo.7018206,https://doi.org/10.5281/zenodo.7018206,https://zenodo.org/records/7018206,True,2,2,0,0,0,2,2,False,False,0,0,True,True,cc-by-4.0,False,True,True,False,False,True,True,True,2022-09-02T07:22:00.973730+00:00,False,NA,0,0,True,True,"Chiarelli, A. and Loffreda, L. (2022). Turning vision into practice – Monitoring the effects of an open sharing statement during the COVID-19 pandemic.pdf"
10.5281/zenodo.7042520,https://doi.org/10.5281/zenodo.7042520,https://zenodo.org/records/7042520,True,3,3,0,0,0,3,3,False,False,0,0,False,True,cc-by-4.0,True,True,True,False,False,True,False,True,2022-09-02T06:44:20.962831+00:00,False,NA,0,0,True,False,XVSEA_AguascaCabot-Bordas-Ribo.pdf
10.5281/zenodo.7042087,https://doi.org/10.5281/zenodo.7042087,https://zenodo.org/records/7042087,True,3,3,0,0,0,3,3,False,False,0,0,False,True,cc-by-4.0,False,False,False,False,False,False,False,True,2022-09-01T22:56:00.861143+00:00,False,NA,0,0,True,False,SEAposter_JPoyatos.pdf
10.5281/zenodo.7041972,https://doi.org/10.5281/zenodo.7041972,https://zenodo.org/records/7041972,True,5,5,0,0,0,5,4,False,False,0,0,True,True,cc-by-4.0,False,False,False,False,False,False,False,True,2022-09-01T20:43:57.619957+00:00,False,NA,0,0,True,True,ERES poster (1).pdf
10.5281/zenodo.7041778,https://doi.org/10.5281/zenodo.7041778,https://zenodo.org/records/7041778,True,5,5,0,0,0,5,1,False,False,0,0,False,True,cc-by-4.0,False,False,False,False,False,False,False,True,2022-09-01T18:50:22.293565+00:00,False,NA,0,0,True,False,poster_sea_tenerife_nestor.pdf
10.5281/zenodo.7041736,https://doi.org/10.5281/zenodo.7041736,https://zenodo.org/records/7041736,True,2,2,0,0,0,2,2,False,False,0,0,False,True,cc-by-4.0,False,False,False,False,False,False,False,True,2022-09-01T18:19:38.002474+00:00,False,NA,0,0,True,False,jafo_SEA2022.pdf
10.5281/zenodo.7041701,https://doi.org/10.5281/zenodo.7041701,https://zenodo.org/records/7041701,True,2,2,0,0,0,2,2,False,False,0,0,True,True,cc-by-4.0,False,False,False,False,False,False,False,True,2022-09-01T18:02:06.263769+00:00,False,NA,0,0,True,False,jafo_SEA2022.pdf
10.5281/zenodo.7041541,https://doi.org/10.5281/zenodo.7041541,https://zenodo.org/records/7041541,True,1,1,0,0,0,1,0,False,False,0,0,False,True,cc-by-4.0,False,False,False,False,False,False,False,True,2022-09-01T16:16:50.479634+00:00,False,NA,0,0,True,False,Poster_SEA_JuanDeVicente_complete.pdf
10.5281/zenodo.7041400,https://doi.org/10.5281/zenodo.7041400,https://zenodo.org/records/7041400,True,3,2,0,0,0,3,2,False,False,0,0,True,True,cc-by-4.0,False,True,True,False,False,True,False,True,2022-09-01T15:29:09.148651+00:00,False,NA,0,0,True,False,poster_SEA_2022.pdf
10.5281/zenodo.7041398,https://doi.org/10.5281/zenodo.7041398,https://zenodo.org/records/7041398,True,4,3,0,0,0,4,3,False,False,0,0,True,True,cc-by-4.0,False,True,True,False,False,True,False,True,2022-09-01T15:24:51.414628+00:00,False,NA,0,0,True,False,KOBEsim_poster_SEA_OBR.pdf
10.5281/zenodo.7041389,https://doi.org/10.5281/zenodo.7041389,https://zenodo.org/records/7041389,True,8,8,0,0,0,8,0,False,False,5,0,True,True,cc-by-4.0,False,False,False,False,False,False,False,True,2022-09-01T15:08:02.697630+00:00,False,NA,5,0,True,False,Poster_SEA2022.pdf
10.5281/zenodo.7040623,https://doi.org/10.5281/zenodo.7040623,https://zenodo.org/records/7040623,True,3,3,0,0,0,3,3,False,False,0,0,True,True,cc-by-4.0,False,False,False,False,False,False,False,True,2022-09-01T14:30:57.816190+00:00,False,NA,0,0,True,False,SEA_DavidAfonsoDelgado.pdf
10.5281/zenodo.7040981,https://doi.org/10.5281/zenodo.7040981,https://zenodo.org/records/7040981,True,2,2,0,0,0,2,2,False,False,0,0,False,True,cc-by-4.0,False,False,False,False,False,False,False,True,2022-09-01T12:18:23.290329+00:00,False,NA,0,0,True,False,SanchezSierras_SEA2022_NIRWinds.pdf
10.5281/zenodo.7040797,https://doi.org/10.5281/zenodo.7040797,https://zenodo.org/records/7040797,True,2,2,0,0,0,2,0,False,False,7,0,True,True,cc-by-4.0,False,False,False,False,False,False,False,True,2022-09-01T12:08:27.506845+00:00,False,NA,7,0,True,False,Poster_IsabelMartinez_SEA2022_CSM_HITF_bias.pdf
10.5281/zenodo.7040759,https://doi.org/10.5281/zenodo.7040759,https://zenodo.org/records/7040759,True,1,1,0,0,0,1,1,False,False,0,0,True,True,cc-by-4.0,False,False,False,False,False,False,False,True,2022-09-01T11:54:14.954037+00:00,False,NA,0,0,True,False,Luque_LosColoraos.pdf
10.5281/zenodo.7040826,https://doi.org/10.5281/zenodo.7040826,https://zenodo.org/records/7040826,True,2,2,0,0,0,2,2,False,False,0,0,False,True,cc-by-4.0,False,False,False,False,False,False,False,True,2022-09-01T11:39:03.772471+00:00,False,NA,0,0,True,False,SEA_2022_Martinez_Garcia.pdf
10.5281/zenodo.7040724,https://doi.org/10.5281/zenodo.7040724,https://zenodo.org/records/7040724,True,4,4,0,0,0,4,1,False,False,0,0,True,True,cc-by-4.0,False,False,False,False,False,False,False,True,2022-09-01T11:17:31.814001+00:00,False,NA,0,0,True,True,IMCV_master_thesis.pdf; poster_SEA_ipintos.pdf
10.5281/zenodo.7040606,https://doi.org/10.5281/zenodo.7040606,https://zenodo.org/records/7040606,True,1,1,0,0,0,1,1,False,False,8,0,True,True,cc-by-4.0,False,False,False,False,False,False,False,True,2022-09-01T10:59:29.345797+00:00,False,NA,8,0,True,False,SEA_poster_ElenaArjona.pdf
10.5281/zenodo.7040470,https://doi.org/10.5281/zenodo.7040470,https://zenodo.org/records/7040470,True,7,7,0,0,0,7,5,True,False,0,0,True,True,cc-by-4.0,False,False,False,False,False,False,False,True,2022-09-01T10:10:05.006298+00:00,False,NA,0,0,True,False,SEA2022_JuliadeLeon_NEOROCKS.pdf
10.5281/zenodo.7040484,https://doi.org/10.5281/zenodo.7040484,https://zenodo.org/records/7040484,True,2,2,0,0,0,2,0,False,False,0,0,True,True,cc-by-4.0,False,False,False,False,False,False,False,True,2022-09-01T10:08:51.642357+00:00,False,NA,0,0,True,True,Poster_CarlosLopez_SEA2022_CosmologyAstroparticle_P22_LatestresultsQUIJOTE_AME_compact_regions_2022-08-30.pdf
10.5281/zenodo.7040309,https://doi.org/10.5281/zenodo.7040309,https://zenodo.org/records/7040309,True,7,7,0,0,0,7,0,False,False,0,0,False,True,cc-by-4.0,False,False,False,False,False,False,False,True,2022-09-01T09:20:20.850549+00:00,False,NA,0,0,True,False,ARR_SEA2022.pdf
10.5281/zenodo.7040159,https://doi.org/10.5281/zenodo.7040159,https://zenodo.org/records/7040159,True,28,2,0,0,0,28,23,False,False,0,0,False,True,cc-by-4.0,True,True,True,True,False,True,True,True,2022-09-01T08:00:30.329573+00:00,False,NA,0,0,True,False,draft slides DH2022 LvR (2).pptx
10.5281/zenodo.7040133,https://doi.org/10.5281/zenodo.7040133,https://zenodo.org/records/7040133,True,2,0,0,0,0,2,2,False,False,0,0,True,True,cc-by-4.0,True,True,True,False,False,True,True,True,2022-09-01T07:36:32.420296+00:00,False,NA,0,0,True,False,ETD2022poster7.pdf; ETD_2022_paper_7.pdf
10.5281/zenodo.7040106,https://doi.org/10.5281/zenodo.7040106,https://zenodo.org/records/7040106,True,2,0,0,0,0,2,1,False,False,0,0,True,True,cc-by-4.0,True,True,True,False,False,True,True,True,2022-09-01T07:23:34.799817+00:00,False,NA,0,0,True,False,ETD_2022_paper_6.pdf; ETD2022poster6.pdf
10.5281/zenodo.7040081,https://doi.org/10.5281/zenodo.7040081,https://zenodo.org/records/7040081,True,2,0,0,0,0,2,1,False,False,0,0,True,True,cc-by-4.0,True,True,True,False,False,True,True,True,2022-09-01T07:02:54.535395+00:00,False,NA,0,0,True,False,ETD2022poster4.pdf; ETD_2022_paper_4.pdf
10.5281/zenodo.7040073,https://doi.org/10.5281/zenodo.7040073,https://zenodo.org/records/7040073,True,1,0,0,0,0,1,0,False,False,0,0,True,True,cc-by-4.0,True,True,True,False,False,True,True,True,2022-09-01T06:58:01.885213+00:00,False,NA,0,0,True,False,ETD_2022_paper_2.pdf; ETD2022poster2.pdf
10.5281/zenodo.7040057,https://doi.org/10.5281/zenodo.7040057,https://zenodo.org/records/7040057,True,2,0,0,0,0,2,2,False,False,0,0,True,True,cc-by-4.0,True,True,True,False,False,True,True,True,2022-09-01T06:54:56.702704+00:00,False,NA,0,0,True,False,ETD2022poster3.pdf; ETD_2022_paper_3.pdf
10.5281/zenodo.7039479,https://doi.org/10.5281/zenodo.7039479,https://zenodo.org/records/7039479,True,4,4,0,0,0,4,0,False,False,0,0,True,True,cc-by-4.0,False,False,False,False,False,False,False,True,2022-09-01T00:31:57.240087+00:00,False,NA,0,0,True,False,Poster_Searching_Clusters_JCarballo.pdf
10.5281/zenodo.7039330,https://doi.org/10.5281/zenodo.7039330,https://zenodo.org/records/7039330,True,3,3,0,0,0,3,2,False,False,0,0,True,True,cc-by-4.0,True,True,True,False,False,True,True,True,2022-08-31T23:20:02.746198+00:00,False,NA,0,0,True,True,Poster_GALMUD_GH.pdf
10.5281/zenodo.7038892,https://doi.org/10.5281/zenodo.7038892,https://zenodo.org/records/7038892,True,6,6,0,0,0,6,5,False,False,0,0,True,True,cc-by-4.0,False,False,False,False,False,False,False,True,2022-08-31T18:51:59.955177+00:00,False,NA,0,0,True,False,SEA2022_poster_v05.pdf
10.5281/zenodo.7038764,https://doi.org/10.5281/zenodo.7038764,https://zenodo.org/records/7038764,True,8,8,0,0,0,8,4,False,False,0,0,True,True,cc-by-4.0,False,False,False,False,False,False,False,True,2022-08-31T18:15:29.526982+00:00,False,NA,0,0,True,False,GOAL_potential_OATage22Bern.pdf
10.5281/zenodo.7038778,https://doi.org/10.5281/zenodo.7038778,https://zenodo.org/records/7038778,True,10,10,0,0,0,10,0,False,False,0,0,False,True,cc-by-4.0,False,False,False,False,False,False,False,True,2022-08-31T18:07:59.155251+00:00,False,NA,0,0,True,False,poster_A3_HotsdsVO_SEA.pdf
10.5281/zenodo.7038615,https://doi.org/10.5281/zenodo.7038615,https://zenodo.org/records/7038615,True,4,4,0,0,0,4,0,False,False,0,0,False,True,cc-by-4.0,False,False,False,False,False,False,False,True,2022-08-31T17:07:58.398011+00:00,False,NA,0,0,True,False,poster_A0.CiesSEA22.pdf
10.5281/zenodo.7038485,https://doi.org/10.5281/zenodo.7038485,https://zenodo.org/records/7038485,True,12,12,0,0,0,12,5,False,False,0,0,True,True,cc-by-4.0,False,False,False,False,False,False,False,True,2022-08-31T16:23:25.896684+00:00,False,NA,0,0,True,True,VelaX1_SMN_poster.pdf
10.5281/zenodo.7038422,https://doi.org/10.5281/zenodo.7038422,https://zenodo.org/records/7038422,True,6,6,0,0,0,6,4,False,False,0,0,True,True,cc-by-4.0,False,False,False,False,False,False,False,True,2022-08-31T15:31:38.022388+00:00,False,NA,0,0,True,True,ACO_SMN_poster.pdf
10.5281/zenodo.7038052,https://doi.org/10.5281/zenodo.7038052,https://zenodo.org/records/7038052,True,3,3,0,0,0,3,1,False,False,0,0,False,True,cc-by-4.0,True,True,True,True,False,True,True,True,2022-08-31T14:11:21.651823+00:00,False,NA,0,0,True,False,Konstantaki_Last_Nunnenmacher_2022_OA_Tage.pdf
10.5281/zenodo.7038085,https://doi.org/10.5281/zenodo.7038085,https://zenodo.org/records/7038085,True,3,3,0,0,0,3,3,False,False,0,0,False,True,cc-by-4.0,False,False,False,False,False,False,False,True,2022-08-31T13:31:34.380217+00:00,False,NA,0,0,True,False,SEA2022.Poster.Caballero.LDO.pdf
10.5281/zenodo.7038032,https://doi.org/10.5281/zenodo.7038032,https://zenodo.org/records/7038032,True,4,4,0,0,0,4,4,False,False,0,0,False,True,cc-by-4.0,False,False,False,False,False,False,False,True,2022-08-31T12:50:13.730405+00:00,False,NA,0,0,True,False,Poster_SEA2022_GodoyRivera.pdf
10.5281/zenodo.7037734,https://doi.org/10.5281/zenodo.7037734,https://zenodo.org/records/7037734,True,2,2,0,0,0,2,2,False,False,0,0,False,True,cc-by-4.0,False,False,False,False,False,False,False,True,2022-08-31T11:16:17.549995+00:00,False,NA,0,0,True,True,poster_SEA_2022_fernando_buitrago.pdf
10.5281/zenodo.7034559,https://doi.org/10.5281/zenodo.7034559,https://zenodo.org/records/7034559,True,6,6,0,0,0,6,6,False,False,0,0,False,True,cc-by-4.0,False,False,False,False,False,False,False,True,2022-08-31T11:07:45.332555+00:00,False,NA,0,0,True,False,poster_for_zenodo.pdf
10.5281/zenodo.7037686,https://doi.org/10.5281/zenodo.7037686,https://zenodo.org/records/7037686,True,2,2,0,0,0,2,2,False,False,0,0,True,True,cc-by-4.0,False,False,False,False,False,False,False,True,2022-08-31T10:50:48.968273+00:00,False,NA,0,0,True,False,moed and granada.pdf
10.5281/zenodo.7037582,https://doi.org/10.5281/zenodo.7037582,https://zenodo.org/records/7037582,True,7,7,0,0,0,7,1,False,False,0,0,False,True,cc-by-4.0,False,False,False,False,False,False,False,True,2022-08-31T09:41:47.614893+00:00,False,NA,0,0,True,False,SEA_poster.pdf
10.5281/zenodo.7037567,https://doi.org/10.5281/zenodo.7037567,https://zenodo.org/records/7037567,True,5,4,0,0,0,5,0,False,False,0,0,False,True,cc-by-4.0,False,False,False,False,False,False,False,True,2022-08-31T09:38:10.637219+00:00,False,NA,0,0,True,False,poster_A0.TardigradosSEA22.pdf
10.5281/zenodo.7037569,https://doi.org/10.5281/zenodo.7037569,https://zenodo.org/records/7037569,True,5,5,0,0,0,5,1,False,False,0,0,True,True,cc-by-4.0,False,False,False,False,False,False,False,True,2022-08-31T09:36:32.297504+00:00,False,NA,0,0,True,False,poster_juan_sea.pdf
10.5281/zenodo.7037493,https://doi.org/10.5281/zenodo.7037493,https://zenodo.org/records/7037493,True,5,5,0,0,0,5,4,False,False,0,0,False,True,cc-by-4.0,False,False,False,False,False,False,False,True,2022-08-31T09:26:17.814311+00:00,False,NA,0,0,True,False,RSOphiuchi_SEA_Poster.pdf
10.5281/zenodo.7034414,https://doi.org/10.5281/zenodo.7034414,https://zenodo.org/records/7034414,True,3,3,0,0,0,3,3,False,False,0,0,False,True,cc-by-4.0,False,False,False,False,False,False,False,True,2022-08-31T09:02:00.346510+00:00,False,NA,0,0,True,False,PosterSEA2022_PanizoEspinar_def.pdf
10.5281/zenodo.7037336,https://doi.org/10.5281/zenodo.7037336,https://zenodo.org/records/7037336,True,1,1,0,0,0,1,1,False,False,0,0,True,True,cc-by-4.0,False,False,False,False,False,False,False,True,2022-08-31T08:22:15.071447+00:00,False,NA,0,0,True,True,FELLOWS_YATES_James_2022-AppliedHologenomics.pdf
10.5281/zenodo.7037309,https://doi.org/10.5281/zenodo.7037309,https://zenodo.org/records/7037309,True,1,1,0,0,0,1,0,True,False,0,0,False,True,cc-by-4.0,False,False,False,False,False,False,False,True,2022-08-31T08:10:49.919907+00:00,False,NA,0,0,True,False,poster_secant (1).png
10.5281/zenodo.7037299,https://doi.org/10.5281/zenodo.7037299,https://zenodo.org/records/7037299,True,1,1,0,0,0,1,0,True,False,0,0,False,True,cc-by-4.0,False,False,False,False,False,False,False,True,2022-08-31T07:59:59.856122+00:00,False,NA,0,0,True,False,secant_flyer (1).pdf
10.5281/zenodo.7034771,https://doi.org/10.5281/zenodo.7034771,https://zenodo.org/records/7034771,True,3,3,0,0,0,3,3,True,False,0,0,False,True,cc-by-4.0,False,False,False,False,False,False,False,True,2022-08-31T07:19:23.811027+00:00,False,NA,0,0,True,False,munoz_rodriguez_sea2022.pdf
10.5281/zenodo.7035743,https://doi.org/10.5281/zenodo.7035743,https://zenodo.org/records/7035743,True,33,33,0,0,0,33,18,False,False,0,0,True,True,cc-by-4.0,False,False,False,False,False,False,False,True,2022-08-30T16:49:37.735608+00:00,False,NA,0,0,True,True,poster_v7_RT40m_OY.pdf
10.5281/zenodo.7035673,https://doi.org/10.5281/zenodo.7035673,https://zenodo.org/records/7035673,True,10,10,0,0,0,10,8,False,False,0,0,True,True,cc-by-4.0,False,True,True,True,True,True,False,True,2022-08-30T16:00:25.662959+00:00,False,NA,0,0,True,False,harrison_fragmentmnp_setac-copenhagen.pdf
10.5281/zenodo.7035702,https://doi.org/10.5281/zenodo.7035702,https://zenodo.org/records/7035702,True,2,2,0,0,0,2,1,True,False,0,0,False,True,cc-by-4.0,False,False,False,False,False,False,False,True,2022-08-30T15:41:57.516370+00:00,False,NA,0,0,True,False,Poster_TaNC.pdf
10.5281/zenodo.7035183,https://doi.org/10.5281/zenodo.7035183,https://zenodo.org/records/7035183,True,2,2,0,0,0,2,0,False,False,0,0,False,True,cc-by-4.0,False,False,False,False,False,False,False,True,2022-08-30T15:40:50.063860+00:00,False,NA,0,0,True,False,pca-3d-ssp-age.gif; poster.pdf; pca-3d.gif
10.5281/zenodo.7035708,https://doi.org/10.5281/zenodo.7035708,https://zenodo.org/records/7035708,True,3,3,0,0,0,3,3,False,False,0,0,True,True,cc-by-4.0,False,False,False,False,False,False,False,True,2022-08-30T15:40:05.169155+00:00,False,NA,0,0,True,False,GarciaArgumanezAngela_SEA2022.pdf
10.5281/zenodo.7034801,https://doi.org/10.5281/zenodo.7034801,https://zenodo.org/records/7034801,True,2,2,0,0,0,2,2,False,False,0,0,False,True,cc-by-4.0,False,False,False,False,False,False,False,True,2022-08-30T12:11:13.237964+00:00,False,NA,0,0,True,False,CIFUENTES_SEA22.pdf
10.5281/zenodo.7034766,https://doi.org/10.5281/zenodo.7034766,https://zenodo.org/records/7034766,True,4,4,0,0,0,4,4,False,False,1,0,True,True,cc-by-4.0,False,False,False,False,False,False,False,True,2022-08-30T12:05:43.423541+00:00,False,NA,1,0,True,False,CostantinLuca_SEA_2022.pdf
10.5281/zenodo.7019914,https://doi.org/10.5281/zenodo.7019914,https://zenodo.org/records/7019914,True,1,1,0,0,0,1,0,False,False,0,0,False,True,cc-by-4.0,False,False,False,False,False,True,False,True,2022-08-30T11:04:19.050997+00:00,False,NA,0,0,True,False,"Spatiotemporal characterization of forest disturbance in the Hunsrück-Hochwald National Park, Germany.pdf"
10.5281/zenodo.7034458,https://doi.org/10.5281/zenodo.7034458,https://zenodo.org/records/7034458,True,6,6,0,0,0,6,0,False,False,0,0,False,True,cc-by-4.0,False,False,False,False,False,False,False,True,2022-08-30T10:41:48.757572+00:00,False,NA,0,0,True,False,EELGs_SEA-2022.pdf
10.5281/zenodo.7034423,https://doi.org/10.5281/zenodo.7034423,https://zenodo.org/records/7034423,True,2,2,0,0,0,2,0,True,False,0,0,True,True,cc-by-4.0,True,True,True,True,False,True,True,True,2022-08-30T10:18:35.517988+00:00,False,NA,0,0,True,False,Abstract-RRB-2022-Tharaka Doddapaneni.pdf; Poster_RRB2022_Tharaka Doddapaneni.pdf
10.5281/zenodo.7034356,https://doi.org/10.5281/zenodo.7034356,https://zenodo.org/records/7034356,True,3,3,0,0,0,3,0,True,False,0,1,True,True,cc-by-4.0,True,True,True,True,False,True,True,True,2022-08-30T09:58:07.272682+00:00,False,NA,0,1,True,False,Abstract_Template_PYRO_2022_Doddapaneni.pdf; Poster_Pyro22_Tharaka Doddapaneni.pdf
10.5281/zenodo.7033260,https://doi.org/10.5281/zenodo.7033260,https://zenodo.org/records/7033260,True,9,9,0,0,0,9,8,False,False,0,0,True,True,cc-by-4.0,False,False,False,False,False,False,False,True,2022-08-29T23:36:09.815127+00:00,False,NA,0,0,True,True,poster_SEA_v4.pdf
10.5281/zenodo.7032555,https://doi.org/10.5281/zenodo.7032555,https://zenodo.org/records/7032555,True,7,7,0,0,0,7,5,False,False,0,0,True,True,cc-by-4.0,True,True,True,False,False,True,True,True,2022-08-29T17:06:56.643919+00:00,False,NA,0,0,True,False,DiegoPalazuelos_SEA2022.pdf
10.5281/zenodo.7032407,https://doi.org/10.5281/zenodo.7032407,https://zenodo.org/records/7032407,True,2,2,0,0,0,2,1,False,False,0,0,False,True,cc-by-4.0,False,False,False,False,False,False,False,True,2022-08-29T16:06:52.787601+00:00,False,NA,0,0,True,False,Son_los_pit_craters_habitables.pdf
10.5281/zenodo.7032155,https://doi.org/10.5281/zenodo.7032155,https://zenodo.org/records/7032155,True,5,5,0,0,0,5,1,True,False,0,0,False,True,cc-by-4.0,True,True,True,True,False,True,True,True,2022-08-29T13:30:27.504745+00:00,False,NA,0,0,True,False,Niine et al BIOPIGEE slaughterhouse biosecurity poster.pdf
10.5281/zenodo.7032042,https://doi.org/10.5281/zenodo.7032042,https://zenodo.org/records/7032042,True,2,2,0,0,0,2,1,False,False,0,0,True,True,cc-by-4.0,False,False,False,False,False,False,False,True,2022-08-29T12:43:52.747924+00:00,False,NA,0,0,True,False,Poster_Verbesserung_OAPublikationsberatung_ZB_MED_final_A0_schmitz_schimmelpfennig.pdf
10.5281/zenodo.7032046,https://doi.org/10.5281/zenodo.7032046,https://zenodo.org/records/7032046,True,5,5,0,0,0,5,4,True,False,0,0,True,True,cc-by-4.0,False,False,False,False,False,False,False,True,2022-08-29T12:43:50.904910+00:00,False,NA,0,0,True,False,Fatigue4Light Poster_Congrés.pdf
10.5281/zenodo.7031730,https://doi.org/10.5281/zenodo.7031730,https://zenodo.org/records/7031730,True,3,3,0,0,0,3,0,False,False,0,0,False,True,cc-by-4.0,False,False,False,False,False,False,False,True,2022-08-29T10:53:20.312010+00:00,False,NA,0,0,True,False,Betelehem_poster.pdf
10.5281/zenodo.6951680,https://doi.org/10.5281/zenodo.6951680,https://zenodo.org/records/6951680,True,7,7,0,0,0,7,3,True,False,0,0,False,True,cc-by-4.0,False,False,False,False,False,False,False,True,2022-08-29T10:11:58.963381+00:00,False,NA,0,0,True,False,IPAC22_Gantry_Optics_Poster_HITRI_final.pdf
10.5281/zenodo.6951721,https://doi.org/10.5281/zenodo.6951721,https://zenodo.org/records/6951721,True,27,27,0,0,0,27,5,True,False,0,0,False,True,cc-by-4.0,False,False,False,False,False,False,False,True,2022-08-29T10:10:01.793794+00:00,False,NA,0,0,True,False,IPAC22_gantry_overview_POSTER_final.pdf
10.5281/zenodo.7031103,https://doi.org/10.5281/zenodo.7031103,https://zenodo.org/records/7031103,True,11,11,0,0,0,11,1,True,False,0,0,True,True,cc-by-4.0,False,True,True,False,False,True,True,True,2022-08-29T09:21:34.246110+00:00,False,NA,0,0,True,False,Poster nanowwek 2022_Dustiness_V4.pdf
10.5281/zenodo.7030064,https://doi.org/10.5281/zenodo.7030064,https://zenodo.org/records/7030064,True,7,7,0,0,0,7,0,True,False,0,0,True,True,cc-by-4.0,False,True,True,False,False,True,False,True,2022-08-28T18:57:02.818172+00:00,False,NA,0,0,True,False,2021_06 - POSTER ST_2021_FEZA (online).pptx
10.5281/zenodo.7030028,https://doi.org/10.5281/zenodo.7030028,https://zenodo.org/records/7030028,True,2,2,0,0,0,2,0,False,False,0,0,False,True,cc-by-4.0,False,False,False,False,False,False,False,True,2022-08-28T18:25:47.514765+00:00,False,NA,0,0,True,False,NOT_Poster_Guozhen_Ma.pdf; NOT_Poster_Talk_Guozhen_Ma.mp4
10.5281/zenodo.6965894,https://doi.org/10.5281/zenodo.6965894,https://zenodo.org/records/6965894,True,8,8,0,0,0,8,8,False,False,0,1,False,True,cc-by-4.0,False,True,True,True,False,True,True,True,2022-08-28T16:36:21.614375+00:00,False,NA,0,1,True,False,poster-IMSC2022-patRoon20.pdf
10.5281/zenodo.7029716,https://doi.org/10.5281/zenodo.7029716,https://zenodo.org/records/7029716,True,2,2,0,0,0,2,2,True,False,0,0,True,True,cc-by-4.0,False,False,False,False,False,False,False,True,2022-08-28T14:10:34.486609+00:00,False,NA,0,0,True,False,Berkeley-DH Fair poster-LG-vers2.pdf
10.5281/zenodo.7029606,https://doi.org/10.5281/zenodo.7029606,https://zenodo.org/records/7029606,True,5,5,0,0,0,5,1,False,False,0,0,True,True,cc-by-4.0,False,True,True,True,False,True,True,True,2022-08-28T12:32:32.632163+00:00,False,NA,0,0,True,False,Poster Carolina 2022.pdf
10.5281/zenodo.7026478,https://doi.org/10.5281/zenodo.7026478,https://zenodo.org/records/7026478,True,6,6,0,0,0,6,6,False,False,0,0,False,True,cc-by-4.0,True,True,True,True,False,True,True,True,2022-08-26T19:37:15.999404+00:00,False,NA,0,0,True,False,Kenneth_Gordon_Exo4_Poster.pdf
